KIC,Seismic_Age_Gyr,Pred_Age_A_Gyr,Pred_Age_B_Gyr,Difference_B_minus_A
11403437,12.3847,9.203126283705235,9.911846534746886,0.708720251041651
11403541,4.385,1.9199293158084154,1.9767280043035744,0.05679868849515901
11403918,5.4317,5.602169536721706,5.875329381972551,0.273159845250845
11404916,7.3456,5.198682663738728,5.913728009885549,0.7150453461468214
11404925,0.9791,3.0285243493974208,1.884916669848561,-1.1436076795488597
11408237,5.9369,5.252758542597293,5.689758198702335,0.43699965610504155
11408704,5.6681,5.184697809529304,5.445878362011909,0.26118055248260497
11409529,22.5509,9.877474479967356,9.030485772126912,-0.8469887078404437
11409562,11.6597,9.144448012739419,9.738208293491601,0.593760280752182
11409827,6.3017,5.871228528785705,5.450738060224056,-0.42049046856164907
11410478,5.4586,6.666913489359617,8.224559077793359,1.5576455884337417
11410549,4.8475,4.5985693585813046,4.358398176395893,-0.24017118218541178
11410622,3.5513,4.176701440709829,4.343925153675675,0.16722371296584626
11410886,9.561,8.670401031452418,8.973908141070604,0.3035071096181863
11410978,3.0455,3.3251180658876893,3.747182380220294,0.4220643143326046
11411163,4.2943,2.4845473032191396,2.8463525184899567,0.3618052152708171
11412082,10.5813,9.066233493494988,10.205746559381485,1.1395130658864971
11412190,4.0629,4.670481066736579,4.881249232593179,0.2107681658566003
11412860,10.8862,10.623477375400066,9.922424608588218,-0.7010527668118485
11413138,3.9028999999999994,6.377407872682809,6.591340368813276,0.21393249613046628
11413158,9.776,9.838393069803715,8.882090864211321,-0.9563022055923938
11413393,3.6233,4.264753610223532,4.840895553675294,0.5761419434517618
11414438,1.6830999999999998,3.193239773520827,3.402410323989391,0.20917055046856392
11414700,4.4337,3.811877632629871,3.9971335713535545,0.1852559387236834
11414707,3.8127,2.6101975102305413,3.040314376589656,0.4301168663591146
11415061,12.6317,10.496383609831332,9.93797766328454,-0.5584059465467917
11415370,3.5615,4.434895637926459,4.432090228870511,-0.0028054090559486156
11415780,3.2163,3.9049422201454638,3.397747913599014,-0.5071943065464497
11415994,5.9138,4.9920563536584375,5.721863820493221,0.7298074668347834
11441797,0.4681,1.1839156019538641,1.4638370119035244,0.2799214099496603
11442227,12.2183,10.18482691938877,9.726439956074953,-0.4583869633138171
11443139,1.1516,1.7776446850836276,1.7229805082023144,-0.0546641768813132
11443382,4.1562,4.022622028869391,4.127068400403857,0.10444637153446656
11444313,1.9368,2.202708576531708,2.276624509087205,0.07391593255549678
11444844,3.0622,6.224175847691297,8.072175628131628,1.8479997804403308
11445495,0.793,2.2967382105007768,2.4701204826921224,0.1733822721913456
11445818,6.964700000000001,9.925470685017109,10.058948969733715,0.13347828471660605
11446151,5.058200000000001,4.606779384320975,4.829932709157466,0.22315332483649186
11446280,5.7695,4.037595402029156,4.1729226658344265,0.13532726380527027
11446691,5.9995,5.267007239556312,6.936427669590711,1.6694204300343989
11447802,11.4955,9.099058740442992,9.533977960813045,0.4349192203700536
11450315,15.9829,10.756373304498196,10.196916146636008,-0.5594571578621874
11453225,2.9755000000000003,3.5615366197764873,4.533762686091661,0.9722260663151738
11453627,11.5281,9.322989331758022,10.2468751278162,0.9238857960581779
11453630,6.7825,6.373836487716436,6.297837891024351,-0.07599859669208531
11453721,1.5421,4.507545392692089,4.770904727700352,0.26335933500826325
11453905,4.4971,4.240973296815157,4.010129015251994,-0.2308442815631624
11453969,11.1956,6.238064434951544,6.599377470588684,0.36131303563714035
11455176,3.9663,3.4580841153562067,3.327847709289193,-0.1302364060670138
11455243,9.2831,8.883414831882714,8.89146441270709,0.00804958082437679
11455925,8.0333,8.478393035876751,8.916783808821439,0.43839077294468787
11456172,3.9555,4.126286677122116,4.675765052613616,0.5494783754914998
11456246,5.2023,7.188531793791055,6.429285656201839,-0.7592461375892166
11456449,8.3481,5.882341419011354,5.483465257501602,-0.3988761615097518
11456735,1.5298,2.9088380878716706,3.450058304148912,0.5412202162772415
11456927,12.1609,12.523839245307444,10.497371237421035,-2.0264680078864092
11457478,5.7802,5.4394724502086635,5.939522798341512,0.5000503481328487
11457554,6.5061,13.851926191341876,13.068714931571483,-0.7832112597703933
11457734,7.3039,5.382800334924459,5.822588167113065,0.43978783218860595
11460287,8.2174,5.4331764728844165,5.936677575176954,0.5035011022925371
11460647,8.3221,6.253741091656685,7.761273790639638,1.5075326989829536
11461138,1.8698,3.7091358397603034,5.20328208464384,1.4941462448835368
11461608,29.057,8.352548957926034,9.229609202575682,0.8770602446496483
11462100,5.0181,5.266738048642874,5.7674260167539115,0.5006879681110377
11462235,5.5761,6.222873272675275,8.082471437770128,1.8595981650948525
11462610,2.9737,4.92321835411191,4.4006326262652875,-0.5225857278466224
11462629,3.2169,2.506606844910979,2.4594000882685183,-0.04720675664246077
11462723,4.0146,3.2793972074329854,3.1881587207496165,-0.09123848668336887
11462972,4.5309,2.486169133904576,2.8959989292055366,0.4098297953009604
11463411,6.8024,7.499658254164457,8.700238437533379,1.2005801833689222
11463450,4.4953,3.8287451471507548,3.984788820722699,0.15604367357194437
11463560,6.7223,5.723125987160206,6.335535909473895,0.6124099223136898
11463603,6.3312,5.079028194075822,5.462099342948198,0.3830711488723759
11463988,8.4063,9.539087834244967,9.920183727937937,0.3810958936929705
11465010,2.8344,7.826119682997465,6.614238829427957,-1.2118808535695083
11465042,0.45940000000000003,1.0932744754597543,1.3635969712316989,0.27032249577194456
11465443,5.2579,10.474005703830718,9.340213390535116,-1.1337923132956025
11465784,2.9605,2.0392721063673496,2.1232038127601145,0.08393170639276493
11466146,3.4545,3.0783936002731322,3.3660160690367222,0.28762246876359
11466172,0.8218,3.4375400353133676,3.1398401402682063,-0.29769989504516126
11466656,1.9999,3.029673610383272,2.981764461556077,-0.047909148827195214
11467232,3.1317,2.2454515476465224,2.4885820471584794,0.24313049951195698
11467720,6.0071,5.078649662923812,5.211989489620923,0.13333982669711109
11468149,8.5071,10.501510716235638,9.852637607079744,-0.6488731091558932
11468340,4.6394,3.9287810662358997,4.15980718536973,0.2310261191338303
11494169,4.6902,5.028713262879848,5.100454126912355,0.07174086403250701
11494312,2.8541000000000003,3.5429713603556157,1.2547092467457055,-2.2882621136099104
11494511,8.5836,7.431254050129652,8.171678810673951,0.7404247605442995
11494646,4.7839,4.363902031230927,4.576737262412905,0.21283523118197856
11495084,8.3075,6.680083045703173,6.371326416152716,-0.3087566295504569
11495120,8.9933,7.622929271066188,7.043166323572397,-0.5797629474937915
11496569,2.1573,6.001149690306186,6.535274378764629,0.5341246884584425
11497421,6.9076,6.308613252687454,6.925214352732897,0.6166011000454423
11498043,9.4175,9.883451350182295,9.82721362465024,-0.056237725532055194
11498101,1.4129000000000003,1.825730323317647,1.9533015610694884,0.12757123775184143
11498178,30.8011,6.966137908220291,10.144987852680682,3.1788499444603913
11498298,7.092699999999999,5.850671969693899,6.26711982063055,0.4164478509366516
11498413,10.792300000000001,8.937430098217725,9.188723678475618,0.2512935802578937
11499428,3.0810999999999997,5.0707777599871156,4.578782340842485,-0.4919954191446303
11500115,8.2078,9.947169374209642,9.409780523085594,-0.5373888511240477
11502092,5.5847,3.723175364089012,3.935863223645091,0.2126878595560786
11502538,9.2807,7.835664372736216,8.010069778382778,0.1744054056465627
11502666,3.4376,3.8615029478102922,3.8286604678899048,-0.03284247992038747
11502920,5.2410000000000005,6.720788514953852,6.737256105667353,0.01646759071350079
11505872,7.1307,7.877800772935152,8.877963270205258,1.0001624972701064
11506212,11.699400000000002,8.759452713364363,7.740631066685915,-1.0188216466784477
11506570,1.7161999999999997,1.4865109981968998,3.1136382971197367,1.627127298922837
11507936,2.7064000000000004,2.3901678101986645,2.6711546932339667,0.28098688303530217
11508329,0.4392,1.5003104493930934,1.9089135838925837,0.40860313449949026
11508336,13.2631,10.334002659225463,10.099015036284923,-0.23498762294054032
11508966,4.0772,2.6557397994369265,3.171763330247998,0.5160235308110717
11508970,10.3251,10.342740370464325,10.028099572205543,-0.31464079825878244
11509207,1.3843000000000003,4.762506327745318,4.616066470834613,-0.14643985691070505
11509277,3.8204,3.209201368510723,2.778108462250233,-0.43109290626049024
11509608,10.1091,6.8117358238279815,7.722449092340469,0.9107132685124872
11509792,6.0696,5.03857646548748,5.141169698250294,0.10259323276281407
11511693,6.6966,5.507756617677211,6.054820891433954,0.5470642737567424
11511883,5.7536,4.4577114991217845,4.840709556421637,0.3829980572998526
11512096,6.4175,5.809590940493345,6.33696743466258,0.5273764941692356
11512734,0.7999,1.2654950076162814,3.6848682492017746,2.419373241585493
11512817,1.4236,5.531205344927311,6.344031764858961,0.8128264199316506
11512915,2.3324,2.4960980000793933,2.597580300363898,0.10148230028450467
11513366,0.4944,1.944992742858827,1.7974640889257192,-0.14752865393310777
11513798,3.4076,4.356901284760236,4.0797422014355655,-0.2771590833246709
11513862,4.2309,5.080687313348054,5.955326622498035,0.8746393091499804
11514221,1.3992,10.268465071010588,10.022314047408104,-0.24615102360248464
11514322,10.7448,7.7425843349695205,7.483179967123269,-0.2594043678462512
11515176,6.4073,8.424144233053923,8.652875692778826,0.22873145972490327
11515377,4.6619,2.6434167385816574,3.2649544909745454,0.621537752392888
11515424,3.9085,4.676430304771662,4.389461203357577,-0.28696910141408516
11515497,5.3669,3.999104369729757,4.561140828165412,0.5620364584356548
11515815,8.7864,7.20843528265357,7.8801278184473516,0.671692535793782
11515918,5.1396,6.1506576105415816,6.217006931179761,0.06634932063817978
11517291,7.238,9.026747999840975,9.71647929803729,0.6897312981963157
11517524,6.1924,6.918084656089544,7.174722240507602,0.2566375844180584
11517707,5.4374,4.501865048450231,5.070242349362373,0.5683773009121422
11518492,8.6264,6.633563528114557,6.080820692837238,-0.5527428352773187
11518610,2.6813,3.592321245098114,4.274432004058361,0.6821107589602469
11518690,3.5143,4.885112389609217,5.535202206039428,0.6500898164302109
11518990,3.7448,2.584979432108998,3.2313023584723473,0.6463229263633492
11519074,7.880199999999999,10.003286468935013,10.252859128916263,0.24957265998125067
11519087,12.629400000000002,10.379995679795742,9.599479894602299,-0.7805157851934439
11519405,1.3895,1.2529382617130875,1.4178148735523224,0.16487661183923485
11519450,2.2357,2.126929403117299,2.268520258143544,0.1415908550262448
11519735,9.5253,8.134371208184957,9.355626798731087,1.2212555905461304
11520578,8.722,8.997537517410516,8.342332776504755,-0.6552047409057611
11520642,2.7074999999999996,5.899429396730661,6.162588175594807,0.2631587788641454
11520923,4.019,2.8541623233020306,3.044986294826865,0.19082397152483432
11521155,2.1992,2.687052407377958,2.7706186559081076,0.0835662485301496
11521197,1.0354,6.8638732904136175,7.676727639645338,0.8128543492317206
11521352,4.4315,4.05180814744234,3.983736123806238,-0.06807202363610232
11547411,31.4633,7.2584186276912686,6.186660261052847,-1.0717583666384218
11547924,3.4071,4.552469077613949,5.235435245668888,0.6829661680549384
11548940,8.7623,8.81873176140189,8.297058786851167,-0.5216729745507234
11550492,7.5129,7.831057820945978,8.062797325712442,0.23173950476646343
11550567,9.9376,9.447755457574129,9.431722256612778,-0.016033200961350857
11551628,5.848000000000001,6.04787481508255,6.5247824697852135,0.4769076547026634
11551746,3.7196,4.226612288415431,4.0182992268830535,-0.20831306153237783
11551758,6.720100000000001,5.459565501767397,5.55160799574852,0.09204249398112285
11554144,3.4463,9.919199665790796,8.840276542323828,-1.0789231234669678
11554793,14.6503,10.161937966620922,10.247708252894878,0.08577028627395578
11557992,2.9412,3.306695424169302,3.230558666577935,-0.07613675759136695
11558127,10.3688,9.326881606554984,9.711781233221291,0.38489962666630717
11558398,1.9033,1.822680978566408,1.9129606583207845,0.09027967975437656
11558405,6.4728,8.109871269619465,8.177079267674683,0.06720799805521871
11559187,12.6757,4.628987634679675,5.909258133393526,1.2802704987138513
11559206,5.2061,5.702469595676661,5.273087507605553,-0.4293820880711081
11559478,4.2823,10.572795797860621,9.245930015903712,-1.3268657819569096
11559552,6.5744,8.75170738363862,9.48296776831746,0.7312603846788406
11559645,8.5858,8.946979541879893,9.35607663873434,0.4090970968544472
11559818,3.2998,6.878295505577325,6.372063868522644,-0.5062316370546815
11560044,0.3419,3.8022464809089898,2.9450071257025003,-0.8572393552064894
11560054,8.4134,8.192130189210177,7.820603349113464,-0.37152684009671333
11560127,8.3555,7.064372387450933,7.539561498838663,0.47518911138772957
11560324,5.6596,5.061635371017456,5.649192375952005,0.5875570049345491
11560465,2.8831,1.961998566839099,2.602025218757987,0.6400266519188882
11560498,2.5251,1.8206919072970746,1.9788244845300913,0.15813257723301666
11560861,4.3664,2.7947852255940435,3.217254217657447,0.42246899206340327
11560939,3.9777,2.6742658389896152,2.91904149312377,0.24477565413415459
11560948,2.5353,2.0519576538830995,2.1404442131489514,0.08848655926585192
11561379,10.261,8.448667346996068,8.839626443296671,0.39095909630060355
11563791,3.5441,2.33351768181026,2.5132887813925744,0.17977109958231452
11564024,10.0257,9.565490530657767,10.302576848483085,0.7370863178253177
11564307,7.8914,6.957347309583425,6.758263099002838,-0.19908421058058678
11564401,4.2562,5.320244645172357,5.8622346999228,0.5419900547504426
11564787,5.4624,9.27561232523322,7.462382740658521,-1.8132295845746995
11565353,5.1218,4.866521280729771,5.203599409031868,0.33707812830209694
11566038,0.6792,1.6507602407053112,3.011447662246227,1.360687421540916
11566089,7.8775,6.328799005752802,6.664832459384202,0.33603345363140047
11566273,3.3828999999999994,10.048932453095912,8.392845589762926,-1.6560868633329857
11566466,20.7406,18.581240922915935,22.964278684377668,4.383037761461733
11567375,0.7283,1.4303426502346992,1.3840655827403068,-0.04627706749439242
11567392,3.5173,4.748124223810434,5.229846414452791,0.48172219064235744
11567563,3.6317,3.2239593295156954,3.093187215703726,-0.13077211381196951
11567572,4.5856,11.36750917533636,12.794203189349174,1.4266940140128135
11567797,5.9154,4.844544487017393,4.802066398572921,-0.04247808844447132
11568605,1.3365,3.7361060357809066,3.6829411274969575,-0.05316490828394915
11568705,4.9582,3.496850875213742,3.794658624896407,0.297807749682665
11569659,3.0538,2.791187396928668,2.913159998497367,0.12197260156869882
11569693,1.7569,1.558118603813648,1.4079020518690346,-0.15021655194461347
11570459,3.7128,4.4659862970679995,4.475338452908397,0.00935215584039728
11571858,5.9451,6.365800574421883,6.354237249952554,-0.011563324469328506
11572029,16.9056,23.966724253368376,33.6915710508585,9.724846797490123
11572172,4.9046,4.146019321861863,4.3964996840953825,0.2504803622335192
11572700,7.5526,4.9133509918212885,5.11878169016242,0.20543069834113137
11597759,2.2441,2.816079534175992,3.197032810166478,0.3809532759904859
11598116,1.4303,1.5575199065834282,3.1349394394665957,1.5774195328831675
11598312,2.0826,3.972450903856754,4.398821084323525,0.4263701804667708
11598402,7.0439,7.179033454805612,7.2406954069554805,0.06166195214986825
11598459,8.4329,7.2799319138705725,7.67356152665019,0.39362961277961794
11599067,3.6152,3.5597369626432656,4.229621224817634,0.6698842621743681
11599342,6.644,6.058231831485033,6.2034326971054075,0.1452008656203745
11600024,2.1681,4.175903970056772,3.9830242237746716,-0.19287974628210014
11600208,10.0531,11.96686007002592,10.818923051846028,-1.147937018179892
11600255,4.6368,3.017706499543786,3.658607279130816,0.6409007795870303
11600413,4.7102,4.716754865908623,4.504178723552823,-0.21257614235580036
11600604,1.685,3.506043477499485,3.283002464103699,-0.22304101339578608
11601202,12.3485,9.376694998830557,10.42877806493044,1.0520830660998826
11601378,2.1107,4.358670635631681,4.771951482212543,0.4132808465808626
11601529,1.0895,4.337077424114942,4.174481655594707,-0.1625957685202355
11602793,15.8592,7.938435283386707,7.803635407960415,-0.13479987542629246
11605089,12.291199999999998,9.787609877151251,10.157914958930014,0.3703050817787634
11605129,6.8038,8.919749068552255,7.3549856682837005,-1.5647634002685544
11605285,4.1494,4.038969583016634,4.129290265360474,0.09032068234384028
11605355,10.0864,9.918132409983873,9.95501929025054,0.03688688026666753
11605924,6.8899,6.14951845164299,6.132378775006533,-0.017139676636457324
11606423,9.6973,9.068964028257131,8.815395695644616,-0.2535683326125149
11606451,2.9414,2.30230936306417,2.680081967169046,0.3777726041048761
11606796,10.1177,9.05503859809041,8.994183624440431,-0.06085497364997927
11607019,7.3695,6.163925810796022,5.996691104382276,-0.16723470641374583
11607216,8.0022,7.733195930463076,6.949693492883443,-0.7835024375796324
11611663,2.9332000000000003,3.924453510326147,4.3684711458742616,0.4440176355481147
11611737,3.5385,2.216097407592833,2.4216803800433873,0.20558297245055446
11612112,4.7931,3.0027545190393923,3.794089045447111,0.7913345264077187
11612171,6.4494,5.626972537904978,6.169619822567701,0.5426472846627233
11612200,3.9835000000000003,3.4441179797202346,3.3673189411729574,-0.07679903854727721
11612320,6.3322,5.819283001857996,6.554146860486268,0.7348638586282723
11612476,11.8575,10.369097310364246,10.09389387228489,-0.2752034380793571
11612601,5.8797,4.861428640270233,5.116322723275423,0.25489408300518956
11612603,6.0515,4.144461223462224,4.2089889000713825,0.06452767660915892
11614827,11.5983,8.352425355917214,8.688957377266883,0.33653202134966875
11615224,6.5696,5.824628788739442,6.210636673802137,0.38600788506269446
11615498,2.9305,3.686399012541771,4.49106354020834,0.8046645276665689
11615560,1.5166,1.6374342505693436,1.9995792228043079,0.36214497223496434
11615617,10.396000000000003,9.494749773263932,8.696995073282718,-0.7977546999812137
11615760,2.788,2.779553357848525,3.401327617931366,0.6217742600828409
11615890,7.273200000000001,6.003722157114744,5.538739125061035,-0.46498303205370917
11615984,5.2827,4.700332437467575,4.6098524986892935,-0.09047993877828109
11616096,4.8289,5.268055479669571,5.556547916418314,0.2884924367487427
11617014,3.5818,3.4030437842845913,3.6782201844245193,0.27517640013992795
11617622,8.0643,10.195416283798217,9.86180435990691,-0.333611923891306
11617751,3.61,3.44873195951581,4.065649789708853,0.6169178301930427
11617824,7.4487,8.370004770469665,10.045515570640564,1.6755108001708994
11618043,8.4946,6.246051026290655,6.632458240920305,0.3864072146296502
11619673,1.5546,2.0101650217711926,2.1230647605001924,0.11289973872899983
11619724,6.0261,4.920351441171765,4.667037443462014,-0.2533139977097507
11620695,9.4796,8.895079177224636,9.12321461380124,0.22813543657660418
11621159,3.9902,2.6231718585938215,3.1715696078687903,0.5483977492749688
11621198,4.2526,3.060361374515295,3.838570021250844,0.7782086467355489
11621486,10.3977,5.433190734654665,5.191921396160126,-0.24126933849453902
11622144,5.1883,4.273793195599318,4.413912414208054,0.14011921860873677
11623012,0.9202,0.8716920251920819,1.0170747283831238,0.14538270319104196
11623195,2.3583,3.819394179791212,3.63539505957067,-0.183999120220542
11623314,1.8736,3.200193872117996,3.39308490896821,0.19289103685021391
11649294,4.559,2.3508246371269226,2.915639466679096,0.5648148295521733
11649705,5.741,4.889997937279939,4.632361731824279,-0.25763620545566024
11649869,4.0405,3.785530200576782,3.8202754383444786,0.03474523776769667
11650039,4.0193,3.7621605073034763,3.9083718787699935,0.1462113714665172
11650219,2.0631,2.100050423002243,2.164239085447788,0.06418866244554522
11650784,1.5004,6.13043085488677,6.017330262893438,-0.11310059199333189
11651091,5.1338,5.009505035316944,5.764943280249834,0.7554382449328898
11651361,6.0703,6.3311700250566005,6.2383960211098195,-0.09277400394678104
11651457,8.5579,9.189601371586322,8.817144545221328,-0.3724568263649939
11651776,3.4917,1.9999433436259626,2.1123315899074075,0.11238824628144495
11653073,2.2371,4.062842300811409,3.913077668711543,-0.14976463209986646
11653236,8.5906,7.447204057431221,7.317319144576787,-0.1298849128544335
11653285,7.7822,5.750502049392462,6.155213057655096,0.40471100826263395
11654142,8.9692,6.572356764131784,6.581700006365776,0.0093432422339923
11654184,6.7780000000000005,4.152213089832664,4.690919966223836,0.5387068763911724
11654305,2.9633,3.30287861790657,3.7566373396545645,0.45375872174799436
11655915,2.4985,2.0676221286594867,2.1472348956286904,0.07961276696920372
11656237,5.075799999999999,4.24594619782865,4.459452029332518,0.21350583150386804
11656337,12.1734,8.908863178169726,9.331971275812387,0.4231080976426611
11656653,5.0493,9.095967501741647,9.126216716438531,0.030249214696883797
11656670,8.9728,7.621876871269941,7.415607699686288,-0.20626917158365288
11657118,3.71,4.778275983077288,4.9902968077540395,0.21202082467675165
11657306,13.3432,10.317371058154105,10.19343152077198,-0.1239395373821246
11657684,1.5314,1.9357955352097749,1.9530469290465116,0.017251393836736684
11658270,4.4024,4.331669539108872,4.201740949583053,-0.12992858952581887
11658322,0.9188000000000001,1.3083476160898804,1.360713419559598,0.05236580346971764
11658849,3.6124,4.015270383426547,4.182607002073526,0.16733661864697957
11658954,3.3473,2.1923083291381595,2.959505106520653,0.7671967773824933
11658976,2.6937,8.889798162549734,9.113643183243274,0.22384502069354006
11658986,4.151,3.270921259102225,3.3653947906702757,0.09447353156805072
11659003,3.2290000000000005,2.766413810646534,3.4353083653897047,0.6688945547431708
11661782,5.398399999999999,6.331252030235529,6.538788716650009,0.2075366864144801
11662090,2.3675,2.4252375032395124,2.8161517343878746,0.3909142311483622
11662751,2.1228,5.430642631703615,5.211798738443851,-0.2188438932597645
11663151,2.7006,2.3663060858517886,2.996096352174878,0.6297902663230892
11663297,0.49,4.1298669756948945,4.135975767284632,0.006108791589737095
11663387,4.0267,3.817284923395514,3.717505419054627,-0.09977950434088712
11665692,2.9586000000000006,3.4728979349613187,4.209727243801951,0.7368293088406324
11666115,2.9636,4.4576348421067,4.6237018660813565,0.1660670239746569
11666270,1.8817,3.6328107079535723,2.8684145857036114,-0.7643961222499609
11666557,4.4707,3.1236051946818826,3.4510278074055907,0.3274226127237081
11667266,4.5868,3.5711541039675474,3.8144242499798535,0.24327014601230612
11667420,5.7022,6.592692860025167,6.636643476247787,0.0439506162226202
11667630,7.0623,5.458561829686165,6.364694098746776,0.9061322690606115
11667775,2.6605999999999996,2.4238654020935297,2.687950007542968,0.2640846054494381
11667799,37.357,10.3898814635396,10.235804428660868,-0.15407703487873192
11667928,5.0529,5.966373552036285,4.897346017280221,-1.0690275347560645
11668036,7.8649000000000004,6.578825665420293,6.635324856740236,0.05649919131994263
11668246,11.4708,7.76676219522357,6.730993405807018,-1.0357687894165517
11668686,6.592600000000001,17.695371063935756,18.863058256947994,1.1676871930122381
11668839,6.6112,5.84450375406146,5.549664235311746,-0.2948395187497139
11668895,15.334400000000002,7.648684245413541,7.517662550622225,-0.13102169479131653
11669113,5.179,7.624618696600199,7.571920861291885,-0.0526978353083134
11669342,3.5598,2.9408010919600724,3.0700804738193748,0.12927938185930232
11669622,6.162600000000001,6.43749152225852,6.131271110850572,-0.3062204114079474
11670355,12.9195,8.8403419087708,9.293573242139816,0.45323133336901655
11670367,4.2792,4.943345277374982,5.7640495426476,0.8207042652726173
11670968,6.842800000000001,7.614453619855642,6.8803551428973675,-0.7340984769582741
11671039,4.9342,4.898891933751106,5.010132553207874,0.11124061945676811
11671068,23.126,6.268752199083567,7.097068684226274,0.8283164851427074
11671621,11.0926,8.923713840681314,9.535228836911916,0.6115149962306017
11671814,5.0344,5.497371077734232,5.561105740493535,0.06373466275930362
11673900,8.1666,8.450044796305894,9.317130715388059,0.8670859190821645
11674102,2.6175,2.452997741907835,2.362668740198016,-0.09032900170981906
11674666,4.2712,5.0929506530404085,5.458815570348501,0.3658649173080928
11674692,6.1122,4.933659752655029,6.033238079124689,1.0995783264696595
11674709,3.4968000000000004,3.6975386435866353,3.5673747348517177,-0.13016390873491757
11700132,3.6392,3.9624602366775274,4.516425721633434,0.5539654849559064
11702086,1.0239,1.1938287207573652,1.1436402142122388,-0.05018850654512641
11702195,5.52,3.036994652444124,2.9249755780279636,-0.11201907441616044
11702480,1.7788,2.1642031339019536,2.1525147218227385,-0.011688412079215116
11703230,3.7227,3.4044467859327794,3.640923872503638,0.23647708657085875
11704163,7.4111,6.571484419184923,6.453807581663131,-0.11767683752179181
11706449,2.8813,3.897775086355209,4.14817938581407,0.25040429945886133
11706564,1.8895,3.510625368312001,3.0253005950808523,-0.48532477323114875
11707080,5.8083,4.885375638118386,5.230670625925064,0.34529498780667733
11707304,24.5201,10.011437070631981,10.390610002303124,0.3791729316711425
11707798,5.6847,3.7534988588392735,3.8640041057676076,0.11050524692833408
11708622,6.273500000000001,4.089295210540294,3.7913588078051803,-0.2979364027351141
11708997,7.7726,14.091103209292887,19.12679879719019,5.035695587897303
11709871,1.3422,1.9561916493862868,2.2061481886833905,0.2499565392971037
11710193,32.7881,11.23011484620571,10.01674244916439,-1.2133723970413204
11710224,3.4186,4.3171641302853825,4.3880350263327355,0.07087089604735297
11713326,10.787800000000002,8.685528610002994,8.433789943665266,-0.2517386663377277
11716190,2.825,5.661669642198086,5.446133885395526,-0.21553575680255932
11716362,8.2978,6.5694592478096485,7.132390929448604,0.5629316816389558
11716402,3.9854,3.637302868461609,3.695423444786668,0.05812057632505896
11717920,12.1163,8.825769945019482,9.848346596956253,1.0225766519367703
11718785,1.8403,2.967686905840039,3.1364850588172675,0.16879815297722844
11720493,6.9926,8.768964125639199,8.447012981647253,-0.3219511439919458
11721291,2.6538000000000004,1.754484015880525,1.9671339926093816,0.21264997672885655
11721301,2.614,3.189926586019993,3.485145527282357,0.29521894126236425
11721374,10.9418,8.789801760452985,8.788716677433252,-0.0010850830197330907
11721613,10.4699,10.209500970399379,9.21866626511216,-0.9908347052872184
11721914,9.2183,9.43843539071679,9.594990408176184,0.15655501745939304
11722424,4.7136,8.867231882333755,8.930049632114171,0.06281774978041632
11723154,1.8424000000000003,1.7630424150705337,1.9656391808152198,0.2025967657446861
11723893,3.6082,3.207421024191379,3.3490953699976203,0.14167434580624105
11724179,8.3604,8.457225597625971,7.461733830112219,-0.9954917675137525
11724851,6.428,8.832088503479957,8.419846686285734,-0.41224181719422326
11725452,8.8973,9.625416706520319,10.405538510310649,0.7801218037903297
11725476,4.3959,4.422053210937976,4.831797138497233,0.4097439275592567
11725482,10.0529,9.273712538588047,9.866635534578561,0.5929229959905147
11725564,7.2587,5.2643135477006435,5.990732655620575,0.7264191079199316
11751835,3.8947,10.949995851314068,9.599779986017943,-1.350215865296125
11752118,2.4355,3.4304379708498716,3.6281964310377837,0.1977584601879121
11752358,2.4901,3.4502799558281896,4.07432956250608,0.62404960667789
11752396,4.0696,3.169275245580077,3.4072762617260217,0.2380010161459447
11752707,1.2464,1.3978390359178186,1.811144394916296,0.4133053589984774
11753010,2.7484,6.551608265382051,5.367640073150396,-1.1839681922316556
11753018,5.046399999999999,6.803009997397661,6.7921544132769105,-0.010855584120750272
11753104,4.3166,3.9945631843864917,4.54448010931313,0.5499169249266385
11753211,9.3472,9.203732408940791,10.238202783024311,1.0344703740835204
11753439,2.5055,3.6028773320436476,4.111736403146386,0.5088590711027385
11753722,6.3035,7.04284899918437,6.873404906862974,-0.16944409232139623
11754056,3.8364,2.9189945481300352,3.0734037634074687,0.15440921527743345
11754082,7.4918,7.259973754888772,8.144886292541027,0.8849125376522551
11756686,9.6936,8.81517582668662,9.156101067513227,0.340925240826607
11756901,4.301,4.404868372029066,4.758544526818395,0.353676154789329
11757076,3.7042,2.9156451119631526,3.0844272204488514,0.16878210848569886
11757206,1.8386,3.861538602235913,3.0806947963267564,-0.7808438059091567
11757305,10.6232,9.609523152059316,9.725152237069606,0.11562908501029057
11757466,5.547,6.351433623617887,5.808540323418379,-0.5428933001995082
11757739,4.8123,4.459827886402607,4.66268522657454,0.20285734017193313
11757910,0.5015,2.479853843766451,2.9342290899574754,0.45437524619102465
11758055,6.273,6.183154242533445,6.092834451550245,-0.09031979098319987
11758140,0.897,2.1884297218710183,2.3253064675897357,0.13687674571871744
11758710,9.4496,9.506253673690557,9.794359259921311,0.28810558623075444
11758901,5.3534,4.516134246703982,4.864381718072295,0.348247471368313
11759220,2.6057,10.52093049339056,9.062711430484056,-1.4582190629065046
11759478,0.8789,1.1965057738810778,1.3738054275274276,0.1772996536463498
11759860,4.7572,4.507359692558646,5.6999595241129395,1.1925998315542934
11760138,2.9846,3.7863517379671334,3.821593166491389,0.035241428524255713
11760264,10.938,12.181357094562053,10.227054832613467,-1.9543022619485857
11760319,5.7789,5.265727245676517,6.065009737795591,0.7992824921190733
11760969,2.3827,2.609008138015866,3.0268889997422694,0.4178808617264034
11766423,7.1801,8.07023899857998,8.620844351041317,0.5506053524613375
11767058,2.322,2.3447393180340526,2.453398557075858,0.1086592390418053
11767444,11.0207,9.614403054445981,8.833912227350472,-0.7804908270955089
11768249,7.8879,5.116507532048225,6.4061560360610486,1.2896485040128232
11768570,12.4297,8.700091660147905,8.29307559326887,-0.40701606687903435
11768621,33.1416,7.313090529698133,7.761231005328893,0.4481404756307601
11768640,9.5405,8.700077398377656,9.3073923032701,0.6073149048924442
11768642,3.2952000000000004,4.0753162987351415,3.745103430086374,-0.33021286864876753
11768791,0.6437,0.9174521035149693,1.2001603525072335,0.2827082489922642
11769014,3.3806,4.449563571506738,4.353294245368242,-0.09626932613849615
11769142,9.1431,10.213983920180796,10.049688326919078,-0.16429559326171805
11769182,4.3892,7.979968529552221,6.982519928312302,-0.9974486012399195
11769491,3.9838,2.606317417362332,2.741613483545184,0.13529606618285195
11769563,6.0366,5.923188317483663,5.33644898737669,-0.5867393301069734
11769823,3.565,2.4955614009737968,2.9515922009944915,0.45603080002069474
11769954,4.2789,11.507873518121242,9.101325173431634,-2.4065483446896074
11770790,3.3827,4.131123199957609,4.702439911141991,0.571316711184382
11771333,9.6732,8.70979857752323,8.986358666497468,0.27656008897423767
11771561,9.2882,9.677221992707253,9.393132283282279,-0.2840897094249737
11771576,6.9223,7.337436559993028,7.158978434634208,-0.17845812535882022
11771763,2.4779,2.2048722059264776,2.4991452649891377,0.2942730590626601
11771962,7.986700000000001,6.640214266973733,6.3957788154840465,-0.2444354514896867
11771978,4.8836,6.429551875913143,8.471748239421844,2.042196363508701
11772905,2.4257,3.4693559648960828,2.3041966706603763,-1.1651592942357065
11773146,5.851,6.577548048502207,7.120720047461986,0.543171998959779
11773616,5.9859,5.569836320847273,5.939194777625799,0.3693584567785262
11773657,3.9072,3.589633495646715,4.265800067615509,0.6761665719687944
11774110,3.8054,3.793987430334091,3.8936578915566202,0.0996704612225292
11774310,5.219099999999999,5.166556837773323,5.513969995582103,0.3474131578087807
11774570,2.4192,2.191244490213692,2.759074347132444,0.5678298569187521
11774651,3.1431,4.293491671514511,4.064733470970392,-0.2287582005441191
11774923,2.8567000000000005,3.0994356537938117,3.1599477507174014,0.06051209692358972
11775041,11.1949,10.432350638377667,9.420671761631965,-1.0116788767457017
11775261,6.8588,8.247336313360929,9.546838512134551,1.299502198773622
11775398,9.9526,9.953187841254472,8.068837779653071,-1.8843500616014008
11775511,2.8159999999999994,2.916212611570954,3.546663673248887,0.6304510616779329
11775797,5.6033,7.089369705253839,6.997838258039951,-0.09153144721388795
11802037,6.7332,2.210105978487432,2.174367022165656,-0.03573895632177582
11802109,4.2695,3.4515171643972393,4.158513523960114,0.7069963595628743
11802617,15.4895,5.324825644624233,5.4289223056674,0.10409666104316706
11803855,11.583700000000002,10.584849370682239,9.66285860734582,-0.921990763336419
11804677,1.6531999999999998,1.5711896648064254,1.8112916179820895,0.24010195317566407
11805217,4.971,8.09030649780035,8.54619289739728,0.45588639959692934
11805390,4.9654,4.254379360848665,5.9371577214419835,1.6827783605933186
11805460,3.951,4.0130354451805355,4.046324199661612,0.03328875448107649
11805792,5.408,4.481886982414126,4.600893135771155,0.11900615335702902
11805876,15.2948,6.093634893405437,7.435571801072359,1.3419369076669216
11807186,10.4615,9.949801859301328,10.497654095864295,0.5478522365629672
11807840,6.1073,7.189749986666441,8.157800919741392,0.9680509330749514
11807844,3.4932999999999996,11.581309750092029,10.103068944478034,-1.4782408056139946
11808139,4.8016,3.1749451906144617,3.9735927368372677,0.798647546222806
11808481,5.2067,5.39338494541049,5.283213958722353,-0.11017098668813663
11808970,3.8434,3.866870424467325,3.9638061912447213,0.09693576677739646
11809504,17.2092,10.111382368052006,8.992686138564348,-1.1186962294876572
11809507,1.8176,3.765441605821252,3.6248282762974497,-0.14061332952380212
11810190,0.5737,2.0609704984396697,1.985223562568426,-0.0757469358712437
11810798,2.817,2.4609296631276605,2.806004781976342,0.3450751188486816
11811203,5.0884,4.6882396447777746,5.080585698235034,0.3923460534572598
11811732,1.9740000000000002,5.626743161100149,5.998223056203127,0.3714798951029783
11811826,7.4664,9.96840871555209,10.720817522788048,0.7524088072359572
11812012,24.56,7.300186598825454,6.801167852073908,-0.49901874675154634
11812615,4.0418,4.570491498404741,5.115374909794331,0.5448834113895895
11817405,2.8823,4.114113364854455,4.670634975007176,0.5565216101527213
11818534,4.6449,7.19591820229888,7.269987894564867,0.07406969226598736
11818906,5.748099999999999,5.213618302631378,5.584411255800724,0.3707929531693459
11818943,7.2698,6.725967914515733,6.471165344536304,-0.25480256997942874
11819363,4.3199,4.804315598589182,4.869378685823083,0.0650630872339013
11819758,23.7595,5.163011599385738,5.579514120441675,0.41650252105593655
11819760,8.3829,5.116873584151268,5.463087564778328,0.3462139806270601
11819928,9.5694,9.56690660559535,10.527198541414737,0.960291935819388
11820243,6.2171,8.777033910638094,9.041008581608533,0.26397467097043936
11820297,3.5385,3.9385836563199756,4.121641202583909,0.18305754626393345
11820477,5.6178,4.581878927707672,5.011232492238283,0.4293535645306106
11820688,8.7829,8.518426419204474,7.579297761952876,-0.9391286572515973
11820712,9.9578,8.039137048870325,8.623340755075215,0.5842037062048906
11821439,14.3572,10.595337714219093,11.937808844029902,1.342471129810809
11821966,6.843,5.947147497260571,5.439020233243704,-0.508127264016867
11822342,10.4121,7.241571317344904,7.3671093614757055,0.12553804413080183
11822526,7.1964,6.1225084415137765,6.2219201110303395,0.099411669516563
11822804,7.3728,9.077281017273664,8.9537057492733,-0.12357526800036389
11823838,1.2625999999999997,1.1174022709578275,1.3057441002190113,0.1883418292611838
11824328,2.5311000000000003,5.987145226162672,5.9261280248761175,-0.06101720128655419
11824403,1.5507,1.5411930022910236,3.267399196091294,1.7262061938002704
11824779,4.1294,4.433211857676506,4.8264356042444705,0.39322374656796466
11824814,3.5411,2.8101445579111575,2.776523920151591,-0.033620637759566474
11824976,1.2058,4.6577007378727195,4.5240471522301435,-0.133653585642576
11853719,13.8349,9.319173713976145,9.612408783572912,0.2932350695967667
11854375,13.5392,7.841211012881994,7.04292862740159,-0.7982823854804035
11854377,2.0379,3.678694388285279,3.7195017697691917,0.0408073814839125
11854448,8.204,8.395655158501864,9.027108109539746,0.6314529510378826
11854450,1.9135,2.1728961285486816,2.4448189137905834,0.2719227852419017
11854801,2.2034,3.5011641693532467,3.846103801384568,0.34493963203132116
11854835,4.1295,2.7651296570837496,3.458438876891136,0.6933092198073862
11855110,10.123599999999998,9.101321607989073,9.088638140314817,-0.012683467674255766
11855387,8.9436,7.374096440416574,7.466024245995283,0.09192780557870872
11855667,7.0514,7.103812718832493,6.893092092210054,-0.21072062662243862
11858652,4.988500000000001,3.7235541923612354,3.832258593675494,0.10870440131425863
11858653,6.7901,6.102313180601596,5.435025749093294,-0.6672874315083028
11859239,7.8378,7.3937331153273576,8.026494583785533,0.6327614684581757
11860143,3.4756,3.424568361032009,3.5351764115542172,0.11060805052220823
11860180,4.2386,6.3655034542083735,6.071411489915848,-0.2940919642925257
11860256,9.682,5.9203930105149745,5.450905041784048,-0.4694879687309266
11860626,4.8913,5.940210928755999,6.176578377968073,0.2363674492120742
11860771,4.2692,4.527313988977671,4.606497417238354,0.07918342826068336
11861266,6.0901,5.227866405349969,6.177699115413427,0.9498327100634576
11861823,3.3351,3.3976575890541074,3.6072351942151784,0.20957760516107093
11861857,5.7498,7.324016234189272,6.755461255389451,-0.5685549787998205
11862360,3.7268,3.683674420183897,3.8025204257458447,0.1188460055619478
11862382,4.747,3.289099965125322,3.3559252723455426,0.06682530722022051
11862833,6.6599,5.213664059144258,5.502452427625656,0.28878836848139766
11867867,2.3408,1.6104711854338645,2.3329112594544887,0.7224400740206243
11868246,0.6845999999999999,4.2180088755130765,4.660521597179771,0.4425127216666942
11869095,2.5785,2.396017067281902,2.6683861270844935,0.27236905980259163
11869694,9.2952,8.545002039581536,9.41517206647992,0.8701700268983839
11870552,4.9799,4.854792163181305,5.067087526935339,0.21229536375403413
11870991,1.9054,3.3301637613534925,3.86775495134294,0.5375911899894477
11871718,3.62,4.955146000894904,5.069360496568679,0.1142144956737754
11871882,12.47,9.686540276843308,10.126728032839297,0.44018775599598925
11872068,9.2698,8.327695446306466,8.262140030878783,-0.06555541542768317
11872655,3.5335,2.3730975111320616,2.6148905240029094,0.24179301287084787
11873200,8.0526,7.407870095086097,6.6468115241944785,-0.7610585708916187
11873264,9.449,8.598894892388582,8.921141968113183,0.32224707572460076
11875246,1.2518,5.701881297653913,6.145968459331989,0.44408716167807594
11875500,4.9255,5.2376897938489915,5.764825620645285,0.5271358267962931
11876391,8.9325,8.786056857281922,9.656967307752371,0.8709104504704488
11903733,9.8436,8.974521991431713,9.894132821857928,0.9196108304262154
11904299,2.7160000000000006,6.474099109524488,6.4501292334198945,-0.023969876104593446
11904929,3.2072,3.3870628764808175,3.5118367274224758,0.12477385094165827
11905111,3.7069,6.2622149601459505,5.627356417220831,-0.6348585429251195
11905159,9.7387,9.120968384987115,10.021060200107097,0.9000918151199819
11905393,6.589099999999999,6.370908665132522,6.095096130615473,-0.27581253451704946
11905420,8.2494,9.301064236962794,9.987521270406246,0.6864570334434514
11905840,1.3459,10.011489363789558,10.507762125527858,0.49627276173830026
11905997,8.1551,9.058095370846987,7.352196303719282,-1.7058990671277048
11908482,9.772,9.234569921660423,9.695876982432603,0.46130706077217987
11908532,3.7066,3.124987695035338,3.6198105101317166,0.4948228150963785
11908744,6.0968,6.611953380745649,6.139936324757337,-0.4720170559883119
11909754,3.5601,2.9895106826424596,2.9544600052952763,-0.03505067734718326
11909809,6.928799999999999,6.691356380844116,6.751100124895572,0.059743744051456105
11910249,5.3554,6.500203497242928,6.461012746840715,-0.03919075040221287
11910327,5.623199999999999,5.456465943700075,6.113767164832353,0.6573012211322782
11910902,3.0216,2.6774292779028412,2.9636784570395944,0.2862491791367532
11910960,5.988700000000001,6.86876388912797,6.6598788711845875,-0.20888501794338232
11912315,5.2701,6.284516209131479,5.7661656328082085,-0.5183505763232708
11912582,2.9889,2.4976647149652242,3.039674676769972,0.5420099618047476
11913049,2.7882,2.3301893411785364,2.6056904937118293,0.2755011525332929
11913446,2.6127,4.056244746470451,4.201003794333339,0.1447590478628875
11913545,11.438,10.373506574332714,10.290518521738052,-0.08298805259466135
11913802,7.5415,5.247016397351026,5.09159578486681,-0.15542061248421657
11917935,7.9439,7.400992950624227,7.600069436079264,0.19907648545503687
11918016,4.2855,4.279779276540875,4.333795434236526,0.054016157695651046
11918583,4.8647,5.977790693360567,6.414831352055073,0.4370406586945057
11918765,11.488,10.870286817395687,11.158363880085945,0.2880770626902578
11920678,2.3525,3.69115561003983,4.091760416951775,0.4006048069119452
11920936,3.2459,3.4118100190639495,3.718953582975268,0.3071435639113185
11921573,9.0636,4.966136180472374,5.3958278678059575,0.42969168733358387
11924048,4.7845,7.970032829612493,7.794664160233736,-0.1753686693787575
11924767,1.9229,5.024038967680931,5.498394359749556,0.47435539206862476
11924806,4.2082,9.40613723502755,10.13459696457386,0.7284597295463087
11924919,4.1555,3.3036047797083854,3.3034764237761496,-0.00012835593223581299
11953581,2.1331,2.5470098457843062,2.167096787661314,-0.37991305812299236
11953668,8.0127,10.549418379461764,9.752974573862552,-0.7964438055992122
11953849,8.2115,10.599951396894454,9.665223684245348,-0.9347277126491065
11954055,7.7881,6.123824089819193,6.611211174452304,0.4873870846331112
11954278,10.3008,7.582290950983762,7.329898025935888,-0.25239292504787425
11954465,3.4277999999999995,3.118714001727104,3.3658805822193623,0.24716658049225826
11954989,8.8351,9.602122481781244,9.421935116779803,-0.18018736500144072
11955410,8.4275,7.610050892531872,8.249031087058782,0.6389801945269102
11957092,3.5493,4.576039327031374,5.149299501532316,0.573260174500942
11957192,6.3714,5.211269864463806,5.7167539470613,0.5054840825974942
11957627,6.0635,7.917184651476145,8.40611081881523,0.4889261673390859
11958844,9.2338,10.023756863164902,9.505999338787793,-0.5177575243771084
11959228,3.5984,3.403094294720888,3.6191672448694705,0.21607295014858252
11960195,4.4796,3.3476415607929226,2.5657459493279458,-0.7818956114649769
11960363,8.3193,5.56603555907607,4.572479529753327,-0.9935560293227432
11960470,6.2369,3.930027485531568,3.5847972699314354,-0.3452302156001328
11960908,9.970000000000002,9.83568868162036,8.935939743226767,-0.8997489383935928
11961034,8.7782,8.684970024001599,10.026549793171883,1.3415797691702842
11961541,10.3178,8.885183885633944,9.127535930186509,0.24235204455256465
11961545,7.0873,5.748464993208646,7.13181392199397,1.383348928785324
11961615,12.550600000000001,9.555675461524725,11.82564477494955,2.2699693134248253
11962986,0.155,2.738327928224206,3.4108865694403647,0.6725586412161588
11963106,5.7711,5.81080319096446,6.426385762917995,0.615582571953535
11966513,5.0408,5.124921382254362,5.24577859454155,0.12085721228718782
11966805,8.5405,9.062411933308839,9.214844704926014,0.15243277161717472
11967671,4.2219,4.494783188161254,4.699834166869521,0.20505097870826727
11968334,4.5409,7.461442058062553,6.253247277861833,-1.2081947802007198
11968543,3.5291,2.8969134652227164,2.6948847933262585,-0.2020286718964579
11969106,6.0613,6.206078849726915,7.577396192586422,1.3713173428595065
11969378,1.5421999999999998,8.230582893002033,8.35221915448904,0.12163626148700679
11969879,0.9790000000000001,1.093384112818539,1.252359322977066,0.1589752101585269
11970850,2.3435,4.4341861148566,5.109606023728848,0.6754199088722475
11970987,5.1285,5.103169805663824,5.841313277208805,0.7381434715449808
11971108,4.9343,9.783319461268187,8.940576007038354,-0.8427434542298329
11971123,4.3177,3.5772316979348657,3.7327200538277623,0.15548835589289656
11971154,9.1116,7.250256735426187,8.713942216020822,1.463685480594635
11971166,6.0002,6.512697402220964,7.179423870766162,0.6667264685451979
11971190,7.981099999999999,6.015211201530695,6.149349687361717,0.13413848583102173
11971890,4.6884,4.8034765311062335,4.925245605328679,0.12176907422244554
11971940,5.204100000000001,5.830274667036533,6.376962192362547,0.5466875253260142
11972294,2.2206,3.3715080390632153,3.9463613721489903,0.574853333085775
11972774,4.5357,6.313608437716961,6.650110747045278,0.33650230932831704
11973246,10.6521,10.327870098018646,9.6582282859385,-0.6696418120801457
11973569,2.8773,2.393969463330507,2.4686898488640785,0.07472038553357141
11973853,3.3368000000000007,4.155840927639604,3.1819601988554,-0.973880728784204
11974612,5.109,2.753203251713514,3.411807344982028,0.6586040932685138
11975063,6.1871,4.840566344478726,4.939965534946322,0.09939919046759549
11975146,1.6840999999999997,1.334771556597948,1.449655166992545,0.11488361039459694
11975173,4.3675,9.538807352763413,8.315273444420098,-1.223533908343315
12003253,6.885,8.139474544972181,7.643539906036853,-0.49593463893532785
12003742,14.6082,10.093763139390944,10.012869190061092,-0.08089394932985172
12004945,10.5088,10.202857362425327,9.731963420844078,-0.47089394158124875
12004995,7.4603,9.240795184373855,9.301720872634649,0.060925688260793365
12005162,8.6558,10.670933415901661,9.815494014948605,-0.8554394009530562
12006316,5.343,5.505680341625213,6.046551441651583,0.5408711000263695
12006471,1.7,2.295433258523047,1.5980536403506993,-0.6973796181723477
12007085,4.3637,3.674666329550743,3.179566301295161,-0.49510002825558175
12007247,2.2289,4.279524644517898,4.397125122144818,0.11760047762691972
12007304,5.0016,4.676048802417516,4.773990915358066,0.09794211294055
12007558,8.7514,7.4054812485694885,7.422175244885683,0.01669399631619406
12008413,3.33,1.3827266104981302,1.4367984782338141,0.054071867735683954
12008680,3.5548,2.57858599935472,2.8010657526671885,0.22247975331246828
12008797,7.737799999999999,6.980804356199503,7.399664823269844,0.4188604670703411
12008916,7.7482999999999995,8.759392695081234,9.811772287154197,1.0523795920729633
12009953,2.1579,2.251220136591792,2.3938277369886634,0.14260760039687126
12010646,9.1392,8.350239739626646,8.783770220118761,0.43353048049211473
12011403,3.5773,1.6059787278056143,2.676268726348877,1.0702899985432626
12011417,5.6906,2.3402290331929922,2.737376549300551,0.39714751610755883
12011705,2.0613,1.8641637142956256,1.854267234224081,-0.009896480071544644
12011995,2.6473,2.057757143330574,2.184579043903947,0.12682190057337284
12012082,2.7497,2.3414748582482336,2.975620015540719,0.6341451572924854
12012511,14.467,10.157446697473526,10.236351129853725,0.07890443238019884
12012725,6.0577,4.071876240903139,4.647289645591378,0.5754134046882395
12012758,1.7757999999999998,2.8786601820260285,3.10736103836894,0.2287008563429116
12016555,5.1131,4.888937812358141,5.423417262351513,0.5344794499933716
12017132,2.1273,2.6068632271945473,2.758114351722598,0.15125112452805078
12017934,7.0201,7.018530303949118,7.4025439181387425,0.3840136141896249
12017985,2.3851,3.771271995770931,3.630315492400527,-0.1409565033704041
12018969,5.0729,7.096940922534466,7.60227347382307,0.5053325512886042
12019642,7.2981,6.013931801891327,6.4203310472071164,0.4063992453157894
12020455,5.1892,6.883322779589891,5.84302350115776,-1.0402992784321308
12020466,0.8254999999999999,1.4555914802983403,1.5465380463719367,0.09094656607359641
12020797,8.2195,7.899023475545644,8.208726135855914,0.3097026603102693
12021069,0.5042,7.3543450771033765,7.2758946444094175,-0.07845043269395902
12021487,4.7209,3.209306549066305,3.1420465549737213,-0.06725999409258376
12021730,5.1384,4.854073429384828,5.030454387331009,0.17638095794618103
12021844,3.9306,4.126303315854073,4.328564632877708,0.20226131702363492
12021906,4.3307,5.9149598702907555,6.096966205239296,0.18200633494854035
12022038,6.8229,6.426799948495626,6.43832821277976,0.011528264284134337
12022099,11.400599999999999,9.946598903399705,10.163285703909397,0.21668680050969158
12022176,4.1605,3.7349009161949156,3.762161992904544,0.027261076709628185
12022186,13.1285,9.984077052891253,9.909356667357683,-0.07472038553357052
12022376,8.0597,7.711482385259866,7.668093326240777,-0.04338905901908863
12022621,5.6264,5.10077382826209,5.720083476173877,0.6193096479117868
12022812,8.0904,6.935415678143501,7.389814099711179,0.45439842156767796
12023185,3.4442,3.1610420444637537,3.510547522816062,0.34950547835230816
12023574,11.6102,8.995663283103704,8.706726948755978,-0.28893633434772603
12023863,7.092699999999999,5.864295525723695,6.005407422965765,0.14111189724206952
12023924,9.3057,5.5816866634428495,5.444348787152767,-0.13733787629008276
12024065,19.1508,8.838165800327062,9.530037552541494,0.691871752214432
12024640,1.5331,1.7851900529056788,2.5929033310830594,0.8077132781773806
12052691,2.9846999999999997,4.314975839912891,4.2974175208956,-0.01755831901729099
12053188,4.4675,6.864985708492994,4.744898983892798,-2.1200867246001955
12055136,10.9198,9.787469636410474,9.944946915012597,0.1574772786021228
12055552,5.9012,3.385244500774145,3.800041254684329,0.414796753910184
12055632,7.1615,5.076601910412311,5.720158944708109,0.6435570342957977
12056072,5.4981,8.036445139735937,7.817997010600567,-0.21844812913537037
12056767,4.2026,4.984457801318168,4.882137324911356,-0.10232047640681241
12056819,4.9602,6.065647357773781,6.1731662494361395,0.10751889166235884
12057742,0.8971000000000001,2.029116091789305,2.54063097192049,0.5115148801311848
12058075,4.4014,4.3751218847334385,4.379033472344279,0.003911587610840428
12058556,7.0061,4.971057085448503,5.4843780107975,0.5133209253489968
12059072,3.314,1.9820852303132415,2.1829555790573356,0.20087034874409415
12059210,2.9978,2.390337465840578,2.6693868279635904,0.27904936212301257
12059907,4.1051,3.9872703687459228,4.08969959115088,0.102429222404957
12060058,8.0983,9.061153332084418,9.981275803518296,0.9201224714338778
12060088,5.5796,11.65405190924406,8.876458653444052,-2.7775932558000083
12060254,2.029,6.516395954638719,7.857153295058012,1.3407573404192927
12060672,9.2742,10.352836515319346,9.427006958824396,-0.9258295564949499
12060834,2.1232,2.907801435446739,3.3887564616978167,0.48095502625107756
12061622,6.5238000000000005,6.527277685338259,6.712790633046627,0.1855129477083679
12066068,6.3596,6.594004942888021,7.948659189933538,1.3546542470455174
12066160,8.3153,8.658248220479488,7.165806257140636,-1.4924419633388517
12066218,28.423199999999998,5.738353398102522,5.7336036343693735,-0.004749763733148171
12066292,4.8906,3.0247782577455045,3.694127406415343,0.6693491486698386
12067001,1.6359,2.235119489341974,2.3035477601140735,0.06842827077209934
12067016,7.3689,9.42993656412959,10.343525956308842,0.9135893921792508
12067490,4.8847,4.010930348467826,4.5541590973883865,0.5432287489205603
12067693,3.7556000000000003,3.4997341297656295,3.453581852760911,-0.04615227700471847
12068031,5.0238,4.833943237799406,5.027755347311497,0.19381210951209127
12069570,11.5858,10.451504195821284,9.855323573809862,-0.5961806220114223
12069693,6.4691,3.24407199100852,3.81368382640779,0.5696118353992699
12069904,13.6345,8.342330399543046,8.650444060951472,0.30811366140842544
12070025,0.5936,2.0776344856142996,2.28010289542675,0.2024684098124503
12070042,10.0126,6.6050102755963795,6.27370222184062,-0.3313080537557598
12070114,23.451699999999995,6.68136660502553,6.435862115007638,-0.24550449001789154
12070301,2.161,10.645983637332916,9.549835266608,-1.0961483707249169
12070510,2.4574,4.8382883238017556,5.999907727813721,1.1616194040119652
12070550,8.0107,4.367012879866361,4.748520582175255,0.38150770230889375
12070650,3.7286,9.259656969767809,9.96602818840146,0.7063712186336506
12070670,4.5458,3.9916849808782335,4.6815594910174605,0.689874510139227
12071348,3.7461999999999995,6.3602616594016546,5.407428629422188,-0.952833029979467
12071374,5.7159,6.038069253796339,6.33991605566144,0.3018468018651008
12071479,4.9734,4.938669199454784,5.197391973531246,0.25872277407646216
12071521,3.7995,9.328371961545944,10.251262999129295,0.9228910375833514
12072067,1.5763,2.1163834182590247,2.1542282140940427,0.0378447958350181
12072568,0.5059,6.632156961023807,5.808898056155443,-0.8232589048683643
12072570,4.9053,6.280570452696085,6.2135995565712445,-0.06697089612484053
12101990,3.189,7.803350766795873,7.89440622742772,0.09105546063184722
12104584,5.7534,7.298358121031522,7.600770045542717,0.3024119245111949
12104686,10.705499999999999,9.471008085483312,9.10512118127942,-0.3658869042038919
12104965,6.5956,6.839848149949312,7.488340945231914,0.6484927952826025
12105282,9.0444,9.178717858165502,10.235544151353835,1.0568262931883332
12105681,1.3042,3.6988590458154675,3.3803708379119635,-0.3184882079035041
12105938,2.6201,6.241396935266256,6.817561756974459,0.5761648217082023
12107614,5.5833,4.369361615154147,4.6845336643546815,0.31517204920053477
12108732,5.3219,6.209298444360495,7.22902690193057,1.0197284575700758
12109388,7.8568,8.359904465931654,6.311254651385545,-2.048649814546109
12109442,3.1998,2.8351611885279415,3.079982004934549,0.24482081640660747
12109888,3.5805,2.40139390322566,2.912003012385964,0.510609109160304
12110266,2.1064,2.6434479362040757,2.646169854480028,0.002721918275952362
12110800,2.1121,1.8140924216747283,2.4793558702886105,0.6652634486138822
12110919,5.0627,5.77427166647315,6.938950814443826,1.1646791479706762
12111110,6.0451999999999995,5.336075804388523,5.805490681546926,0.46941487715840324
12114999,1.5176,6.975609506386518,7.099989970165491,0.12438046377897294
12115227,11.9971,9.063264074081182,8.574417534959316,-0.48884653912186593
12116393,10.3046,10.081493263053893,9.819719064384698,-0.2617741986691957
12116523,4.1709,3.588972106051445,3.8066394032657143,0.21766729721426925
12116644,0.7208,1.0862664495438337,1.3407424844086169,0.2544760348647832
12116830,6.5845,8.803498408055304,9.146184977507591,0.3426865694522867
12116993,7.7226,9.828208383125066,9.092058588212728,-0.7361497949123379
12117077,1.562,1.6002096931800245,1.7974493814751504,0.19723968829512595
12117099,3.3158000000000003,1.5910246674597264,1.9970709339618682,0.4060462665021418
12117138,6.361199999999999,4.805285993206501,4.804838233044744,-0.00044776016175696043
12117309,6.4973,5.130878642535209,5.5864275135695936,0.45554887103438446
12117920,2.7227,3.628603188610077,3.751670083925128,0.1230668953150511
12118044,11.5902,8.873087527501582,9.139483728212118,0.2663962007105365
12118116,2.5722,4.233646312350035,4.258729497894644,0.02508318554460942
12118434,3.9751,3.2411465453863144,3.5787811798483133,0.33763463446199893
12118820,6.194,7.403023470163345,7.21849399036169,-0.1845294798016548
12119262,6.1775,7.341163041710853,6.14407580357194,-1.1970872381389137
12119770,2.3155,4.118763593316078,3.5587243769556283,-0.5600392163604502
12119864,10.0554,8.920557235532998,8.966956716555357,0.04639948102235891
12119865,7.9262,6.827161116832494,6.987092608398199,0.15993149156570485
12119970,0.6903,1.6509951142340897,1.6556156306743621,0.004620516440272393
12119979,3.7501000000000007,4.701053251105547,4.440896871998906,-0.2601563791066406
12120144,4.6399,3.9002414812475443,3.163440398827195,-0.7368010824203495
12120230,7.5211,7.972715825140476,8.707079927569627,0.7343641024291507
12120327,2.9020999999999995,2.4398225402802227,2.527495881521702,0.08767334124147919
12120872,2.3308,3.9277108392268416,4.486117380014062,0.5584065407872205
12120937,9.7082,5.13537110016346,5.346851166051626,0.21148006588816592
12121207,1.4182999999999997,1.2804885849505663,1.569405012243986,0.2889164272934197
12121377,5.0787,4.217462768560647,5.460827074193954,1.2433643056333068
12121435,6.0935,5.388562684345245,5.78924117707014,0.40067849272489564
12121656,8.6212,9.703722144550085,10.898983876097201,1.1952617315471166
12122085,9.055,7.6922486053586,8.43283083961606,0.7405822342574595
12122151,2.0808,5.083910473424196,5.254711810880899,0.17080133745670256
12152850,6.5016,7.124548738533258,7.4693876468122005,0.34483890827894204
12153274,5.3784,6.310589102107286,6.28677313427329,-0.023815967833995977
12153346,2.3128,1.7627678759932517,1.9871343426614998,0.2243664666682481
12153362,5.623600000000001,5.1895307669222355,5.1201442834615705,-0.069386483460665
12153488,4.7956,3.691886822885275,3.8032774880498645,0.11139066516458973
12153827,4.2156,3.841304715695977,4.416429616656899,0.5751249009609216
12154360,4.3848,4.339580959033966,4.911804481109977,0.572223522076011
12154686,3.6463,3.7516483941495418,3.4691349074572324,-0.28251348669230936
12154726,5.5996,4.410164242714643,4.3429309894412755,-0.06723325327336749
12155459,1.996,3.191832909309864,3.5046553318619726,0.31282242255210857
12155851,13.3048,9.862905487418175,8.354735168457031,-1.5081703189611435
12156445,3.4654,3.7037398395627736,3.910099038571119,0.20635919900834532
12156542,6.3843,5.158457934993505,5.45095258101821,0.29249464602470443
12156874,2.701,3.308292742437124,3.5065191669613123,0.19822642452418826
12157006,8.5331,8.13841679701209,8.71723787342906,0.5788210764169701
12157223,4.3913,5.401801766818761,5.855279115724564,0.4534773489058024
12157360,9.4486,9.199309477442503,9.896902576488255,0.6975930990457524
12157465,36.9206,7.636207573407888,7.694803839194774,0.05859626578688637
12157631,6.223,6.419730270135402,5.878181736022234,-0.5415485341131685
12157980,2.2938,2.1713049012452363,2.2802146126270295,0.10890971138179317
12158327,8.9102,8.687316085207462,9.7367345772326,1.0494184920251381
12158574,6.0678,6.4397032851278775,5.702358472716808,-0.7373448124110693
12158667,0.7567,1.9893544248968362,1.8466660078018904,-0.14268841709494584
12159192,9.2901,5.076744528114795,5.807099290382862,0.7303547622680666
12159679,6.6825,7.519738826674223,8.44480003029704,0.9250612036228176
12159715,9.2026,8.837009408456087,8.306559502798319,-0.5304499056577683
12159919,2.5222,2.0607660797327756,2.357944528803229,0.29717844907045343
12164879,6.7249,5.264163799113035,6.3543721425294875,1.0902083434164522
12165342,2.2228,2.133937280473113,2.7714167208015916,0.6374794403284785
12166441,4.4002,5.072919996726513,5.319336645799875,0.24641664907336214
12166946,2.6336,3.025112815105915,3.5220698446959258,0.496957029590011
12167366,8.7663,8.422602179145812,8.988377895468473,0.5657757163226602
12167521,10.4555,6.167242266619205,6.493663881343603,0.32642161472439835
12167910,9.9293,9.161669100314379,10.050883938658236,0.8892148383438574
12168263,6.1629,5.385910589319467,5.875538554602861,0.48962796528339414
12168406,7.335499999999999,8.438829102486372,8.244391257804631,-0.1944378446817403
12169488,3.1496,3.5046184889554977,3.7036801183998582,0.19906162944436057
12169845,2.2345,2.6240745098024605,2.5722944788336752,-0.05178003096878525
12169924,9.973600000000001,10.149985414671898,9.108965322601795,-1.0410200920701023
12170173,3.2068,3.419909516084194,3.743913463631272,0.32400394754707795
12170774,0.4844,1.0857551056563854,0.9585714612230658,-0.12718364443331964
12201835,5.8816,5.913385727399588,8.46177985625863,2.5483941288590426
12201962,5.728800000000001,6.950930701452493,6.143455416566133,-0.80747528488636
12202431,6.9965,2.726331699603796,3.566110785463452,0.8397790858596563
12203243,9.075,10.17670246427059,8.93519397149086,-1.2415084927797313
12203455,4.5096,4.13294395262599,4.284175467219948,0.15123151459395867
12203653,3.4379,2.434444218735397,2.952704321953654,0.5182601032182572
12204508,3.3536,2.834122753381729,2.9345645386785266,0.10044178529679781
12204548,8.7158,6.149655721181631,6.384792498469352,0.2351367772877211
12204642,3.5275000000000003,6.672536786520481,6.643008979701996,-0.02952780681848477
12205702,1.6243,1.9230055499389767,2.327182484617829,0.4041769346788524
12206050,2.0674,3.5240501509189603,3.837093928030133,0.3130437771111727
12206268,4.1321,3.600794519346952,3.964329122820496,0.36353460347354405
12206414,6.3546,12.824994351315498,12.934744615781307,0.10975026446580927
12206828,9.613,8.860565693223476,9.179984184515476,0.31941849129199973
12207086,5.7938,7.235748949640989,6.910057656401396,-0.32569129323959345
12207440,3.8948,8.935169013392924,7.26368181515336,-1.6714871982395643
12207740,6.2092,3.9430648233801127,4.357628932163119,0.41456410878300654
12207840,10.5062,9.459880339246988,9.609466104978322,0.14958576573133442
12208273,2.7411,1.938964916527271,2.3717193190217016,0.43275440249443053
12208809,7.6828,7.272629887503385,6.97733636906743,-0.29529351843595464
12214454,6.0217,6.122425247853994,5.735041101962327,-0.3873841458916667
12215063,9.4311,10.057597667002678,9.74344830557704,-0.3141493614256383
12215568,6.4411,6.722346613353491,7.092774108660221,0.37042749530673014
12215647,6.5578,5.832407395929098,6.19140111117959,0.3589937152504916
12215872,10.060400000000001,10.296225606799124,10.18366577359438,-0.11255983320474527
12215898,5.6404,5.89652296680212,6.588346585541963,0.6918236187398428
12216750,4.9836,6.8221837590157985,7.099764158803224,0.27758039978742577
12216782,6.3775,6.662879785341024,6.184453846347331,-0.4784259389936931
12216873,9.0389,8.554881880921124,8.935444740951061,0.38056286002993645
12217154,7.3733,6.788011369019746,6.6322799687922,-0.1557314002275465
12217239,1.2552,3.4589077325880524,3.4361536723971366,-0.022754060190915748
12217300,6.9968,6.066028265887499,6.631635812169313,0.5656075462818144
12217355,7.325,10.257056843292713,9.517420639795064,-0.739636203497648
12218181,3.1702,2.832783929699659,3.2411290152937173,0.40834508559405824
12218433,2.1395,4.5379393049329515,3.835093120512366,-0.7028461844205856
12218869,8.822,9.024999150264263,9.747010776937007,0.7220116266727441
12219032,8.1484,6.846678349417448,6.6790157898962494,-0.16766255952119824
12219282,0.9743,1.0806214626073838,1.3697497366130351,0.28912827400565133
12219357,11.046499999999998,10.314781358373164,10.229005129694938,-0.08577622867822576
12219439,1.3606,1.218437999561429,1.433389023783803,0.214951024222374
12251438,4.1566,7.676457854491472,7.041416879755258,-0.6350409747362145
12252278,4.437,6.199369875305891,5.808905187040567,-0.39046468826532355
12252410,12.157900000000001,8.791697981655597,8.35415934948325,-0.43753863217234645
12253210,9.6888,6.77708922997117,6.856731114721298,0.0796418847501279
12253294,10.9902,2.394531466214359,2.6422695574373005,0.24773809122294166
12253381,6.7754,5.982686045998334,6.617407319384813,0.6347212733864787
12254159,6.9547,7.54478368371129,7.7635128885686395,0.21872920485734948
12254670,4.5658,3.7605097073972225,3.8558517213493584,0.09534201395213593
12254817,3.1549,2.20870728508234,2.2571453078895805,0.04843802280724052
12255028,5.9564,9.039932412195204,11.855981937229632,2.816049525034428
12255875,4.4512,11.033733835327626,10.292424845027924,-0.7413089902997019
12256516,5.9739,5.702807124239206,6.3939574685752385,0.6911503443360321
12256693,7.9995,7.8171787415325635,7.870501123529673,0.05332238199710915
12257026,3.3085,2.2468910950809717,2.6060601112574338,0.359169016176462
12257460,5.6668,7.085100682026147,6.1689019801318645,-0.9161987018942828
12257876,0.8955,3.6608413260161874,3.81437819634676,0.1535368703305724
12258572,4.6765,4.110805525517463,4.6403706071794035,0.5295650816619402
12264089,2.449,3.0619735487937927,3.2856120709389445,0.22363852214515179
12264780,3.2364,4.054921373039484,4.0924651860982175,0.037543813058733555
12265709,0.8445,1.7418993406772614,1.821387020036578,0.07948767935931667
12266056,5.4083,5.014456246554851,5.435117856359482,0.42066160980463074
12266492,2.182,2.1253904689714314,2.475760715705156,0.35037024673372485
12266731,6.973499999999999,5.617752303439379,6.3060009717702865,0.6882486683309077
12267816,2.2597,6.452045658797025,6.8053013884842395,0.3532557296872145
12268191,18.5395,7.548981992328167,7.231153094178437,-0.31782889814972926
12268739,4.8111,4.693400028645992,5.993575501823425,1.3001754731774335
12268754,6.230100000000001,3.603181286022067,3.9590680151998994,0.35588672917783226
12268819,9.2727,5.423911670386791,5.4551770362138745,0.03126536582708361
12300740,5.520199999999999,6.04917382465601,5.299005303829908,-0.7501685208261017
12300975,5.9284,4.87978175585866,5.107416247755289,0.22763449189662932
12301444,3.5867,6.2196394162714475,6.737115864926576,0.5174764486551284
12301522,0.3831,1.3121724445983767,1.286815759897232,-0.025356684701144605
12301602,3.8239,4.316039530277252,5.283171173411607,0.9671316431343548
12302104,4.8729,2.9840068278074265,3.617831689509749,0.6338248617023226
12302516,13.6907,9.973147782957554,10.634027519941329,0.6608797369837749
12302542,0.5577,1.09925104855448,1.1420494325891137,0.04279838403463376
12302890,2.8515,9.174060201698541,8.702668286639451,-0.4713919150590904
12303050,0.6707999999999998,9.54369082059264,9.043301161175966,-0.5003896594166743
12304485,3.9501999999999997,3.6906329755842684,3.7955526596188545,0.10491968403458607
12304634,19.5721,10.105007356750965,10.862383419716357,0.7573760629653918
12305574,5.2282,4.013937799268961,3.803059401813149,-0.2108783974558115
12305778,5.2107,4.222230953747034,4.270111281913518,0.047880328166484354
12305898,4.9928,5.4046915580153465,5.894332002347707,0.48964044433236076
12306695,5.2947,9.201997226893901,8.979824993002413,-0.222172233891488
12306711,9.3423,8.782871728593111,9.346142127275467,0.5632703986823557
12306763,6.744200000000001,8.434632576590776,9.092393145573139,0.6577605689823631
12314927,6.5969,4.967225423175096,4.9032076048523185,-0.06401781832277731
12315067,9.9028,8.761547410869598,8.475318435907363,-0.28622897496223487
12316100,6.3483,11.264713900828362,9.474443983632325,-1.7902699171960368
12316126,8.1901,7.959334124964475,8.239778763610124,0.2804446386456485
12316200,5.3666,5.297563082313538,5.681574913781881,0.38401183146834317
12316494,15.731,17.18964631396532,22.765550423812865,5.575904109847546
12316759,3.8348,4.726750881251693,5.818008950382471,1.0912580691307783
12316788,2.9428,4.124006576603651,4.252919609239697,0.1289130326360466
12316982,3.8918999999999997,9.293318312996625,8.354872437995672,-0.9384458750009532
12317351,2.5124,3.1219365675628183,3.6729876003444195,0.5510510327816012
12350093,3.0459,2.108595897462964,2.5240956377983093,0.4154997403353451
12351556,5.1491,4.04838948226571,3.946133778065443,-0.10225570420026742
12352228,3.1522,1.2563700001791118,1.6814940584704279,0.42512405829131605
12352536,9.643,9.877480422371626,8.986958849328756,-0.8905215730428697
12355700,11.2152,10.139096553087233,10.701308609569072,0.5622120564818385
12356204,5.718699999999999,7.39087779007554,7.125410387152433,-0.26546740292310655
12356227,7.45,7.333627478855848,7.3682960596084595,0.034668580752611255
12356649,1.3863999999999999,9.036592186754941,8.853758669131993,-0.18283351762294764
12365293,18.2062,2.013681142377853,2.0835245967268943,0.06984345434904116
12365783,8.8128,9.762299988883733,10.431868115150928,0.6695681262671958
12365806,8.9934,6.563191199785471,8.381672681254148,1.8184814814686776
12366461,1.2205,1.710172547158599,1.6866260673582554,-0.023546479800343523
12366537,6.8839,10.253174076342582,9.338004598867894,-0.9151694774746879
12366768,0.934,2.090775815537572,1.9356850064903497,-0.15509080904722228
12366840,0.7833,1.0012092517822981,1.1306212235368789,0.12941197175458075
12366894,6.3788,4.403680188295245,5.240359716087579,0.8366795277923345
12366999,6.7639,6.144797211450338,5.50675888800025,-0.6380383234500879
12367714,3.2434999999999996,3.1889033040046693,3.8535820200383664,0.6646787160336971
12367827,2.2877,2.7645318512141706,3.17309472592473,0.4085628747105594
12368004,6.2914,6.1908348000526425,5.363693722474575,-0.8271410775780677
12401103,3.4178,1.6938882796168326,1.9368307020336388,0.2429424224168062
12401274,9.7632,9.225728218346834,9.498896382963657,0.27316816461682336
12401315,11.0687,9.546380352765322,10.241580445611476,0.6952000928461537
12402894,7.3724,8.186432017755507,7.6084624878704545,-0.5779695298850527
12403961,2.73,1.4741866003006696,1.6883746198147536,0.21418801951408395
12404421,2.5872,2.6860832012414932,3.1476912447899577,0.4616080435484644
12404445,4.6239,3.085353344154358,3.104327143868804,0.018973799714446127
12406029,2.1276,3.4330246994286773,3.4568142235636707,0.023789524134993467
12406297,4.2663,3.887902673020959,3.956909733968973,0.06900706094801423
12406610,3.4917,3.0220230620056387,3.328148989185691,0.30612592718005205
12406680,5.4703,5.883585758465529,5.298691544884443,-0.5848942135810855
12406844,1.5209,2.4985750912994145,2.6193250431895256,0.12074995189011117
12406876,5.2828,6.941164360034466,6.806593267172575,-0.13457109286189084
12417052,3.6631,4.111696886157989,4.255070759585499,0.1433738734275103
12417113,2.9257,4.57512954493761,4.8643615138977765,0.28923196896016634
12418184,4.611,5.4624374657511705,5.83932197753787,0.3768845117866997
12418339,11.9084,8.838954951614141,10.021395351707936,1.1824404000937943
12418504,6.3803,4.721668639999628,5.01374137532115,0.292072735321522
12418515,6.5011,4.479267867732048,4.661233497211337,0.18196562947928907
12418840,8.4888,3.414632661092281,3.895965921375155,0.48133326028287415
12453551,0.2866,4.3514871602296825,6.078932196760177,1.7274450365304945
12454043,3.2965,3.1943037610054015,3.451963736078143,0.2576599750727415
12454201,2.8847999999999994,3.169349525633454,3.576337366092205,0.406987840458751
12454554,4.2688,4.972289540094137,5.465273775309324,0.49298423521518675
12454560,3.2667000000000006,4.066375951510667,3.7505098294913766,-0.3158661220192909
12455117,1.6594,1.5551552753642202,1.8737562403887509,0.3186009650245307
12455203,10.3661,8.583998473364115,8.9097533503294,0.32575487696528427
12455357,2.9193,2.3332184817552566,2.4954363133639097,0.1622178316086531
12455504,2.6867,4.180446343880892,4.125709372547269,-0.05473697133362254
12455830,2.4858,3.6141892928123474,3.849176024392247,0.23498673157989947
12457926,6.6121,5.173637212461233,5.5867014584064485,0.4130642459452156
12458003,1.2562,1.0981448699995875,1.2995105181396007,0.20136564814001323
12458419,9.6234,8.438219411808252,9.363017961162328,0.924798549354076
12459622,3.6092,3.823920509123802,4.499177298998832,0.6752567898750303
12459729,6.5395,5.183587174171209,6.182259316450357,0.9986721422791476
12459905,5.5363,5.580543344861269,5.915546385592222,0.3350030407309532
12470054,2.4043,3.117258706921339,3.570907494190335,0.45364878726899605
12504153,6.156,8.186862842065096,8.295353316825627,0.10849047476053109
12504765,5.3031999999999995,4.111689755272865,4.151819108429551,0.04012935315668642
12505388,8.6305,6.754543748170137,6.661265828341246,-0.09327791982889178
12505459,0.22539999999999996,5.098304759287834,5.52024636297226,0.42194160368442546
12505741,4.5759,4.899427938616276,5.441895168429613,0.5424672298133375
12506130,10.194500000000001,10.25252516579628,9.657977516478299,-0.5945476493179811
12506147,12.0199,7.136895866125822,6.914161480790376,-0.22273438533544532
12506245,7.4267,8.645747184616328,9.285013208788634,0.639266024172306
12506290,8.6245,9.085200459444522,9.915757825237511,0.8305573657929894
12506511,6.5176,6.224065913212299,5.745706529146433,-0.4783593840658664
12506577,2.9401,4.200996366328001,4.297930944624543,0.09693457829654228
12507016,8.841,9.742406007868052,9.917575012463331,0.17516900459527918
12507291,12.162,9.442233775526285,9.955915404814482,0.5136816292881967
12507415,5.895,5.561658978331089,5.664495255428553,0.10283627709746401
12507838,5.7756,4.937162205731869,4.985286766713857,0.04812456098198847
12509355,4.1654,4.016295151042938,3.7331874239236114,-0.2831077271193263
12509886,7.061,7.80821046500802,7.0050594677090645,-0.8031509972989559
12553243,8.7618,7.483901375001668,8.589435179030895,1.1055338040292266
12553494,4.7915,10.600323391401767,13.443094719958305,2.8427713285565375
12553757,5.8911,4.30262217567563,4.193974524322152,-0.1086476513534782
12555458,5.810300000000001,5.264919078695774,5.245313304287195,-0.019605774408579357
12555589,7.8151,8.394830352789164,9.110695156484843,0.7158648036956787
12555638,16.0437,8.257160890340804,9.601060574138165,1.3438996837973605
12555826,7.750500000000001,6.2927951667606825,5.9406589860379695,-0.352136180722713
12555883,4.0477,3.525788007047772,3.666424214828014,0.1406362077802421
12555902,4.1207,4.195985731047392,4.30951447326839,0.11352874222099807
12556202,9.3779,8.592742721247673,8.616635346096754,0.023892624849080946
12556503,3.6259,5.636172568196058,6.1868533891916275,0.5506808209955691
12557207,3.3212999999999995,5.082839652174711,5.133152206408977,0.05031255423426639
12598909,14.9782,4.03777694247961,4.2901752156913275,0.2523982732117176
12598914,3.1222,2.153839135174453,2.4235768983662127,0.2697377631917597
12599612,9.0551,9.704513672798871,8.974461378908156,-0.730052293890715
12599753,9.4281,7.1305897867143155,6.9709530384004115,-0.15963674831390406
12599878,5.0836,4.28630195658803,4.52907620896399,0.24277425237595995
12600075,7.1364,6.344034141820669,6.344263518625498,0.00022937680482915113
12600259,3.832,9.756285681521891,10.978251983618735,1.2219663020968436
12600463,4.2298,3.5097138034969566,3.9817974144130943,0.4720836109161377
12600471,2.5981,3.346857757669687,3.782293670091033,0.43543591242134605
12601052,11.801199999999998,7.106927727150917,7.169616526758671,0.06268879960775386
12601771,6.8449,5.980895005351305,6.012731436228752,0.0318364308774477
12602404,7.6726,3.906549937620759,3.3800523250430823,-0.5264976125776766
12603035,1.6488000000000003,3.2138489228904246,3.1236604590415955,-0.09018846384882906
12603148,8.1475,6.717841676676273,7.628090249174833,0.9102485724985598
12643940,6.0454,9.129602104151248,9.466035481590032,0.33643337743878377
12644223,8.9667,10.325035571181774,9.161249566572904,-1.1637860046088697
12644458,0.5038,4.690595808070898,4.459827589282393,-0.23076821878850495
12644579,8.1937,9.014550620836019,9.091003217214345,0.07645259637832602
12645107,6.7812,6.580772397059202,6.986991587525606,0.40621919046640365
12645202,4.282,4.213446891754866,3.5554132692962885,-0.6580336224585772
12645236,5.1926,1.5390537367537618,2.9077672666221854,1.3687135298684237
12645606,3.8857,3.813763157504797,3.855359690275788,0.04159653277099107
12647227,3.3062,3.475116234475374,3.4978530616939065,0.02273682721853243
12647352,8.9303,9.714314480161667,9.338496035701036,-0.37581844446063073
12647597,4.4683,4.327716057547927,4.423496323814988,0.09578026626706126
12647649,2.4676,10.133037677693366,8.602406259071827,-1.5306314186215388
12688781,6.4011000000000005,6.0278174179494375,5.485325230038166,-0.5424921879112716
12688798,4.9732,3.6829452871799466,3.4872824158579108,-0.19566287132203586
12689506,1.9059,4.073161285826564,4.689654828354716,0.6164935425281524
12689984,3.2808,3.0043215310454365,1.6611393925637006,-1.343182138481736
12690370,0.5974,1.4431201564565301,1.8148922692894935,0.3717721128329634
12690461,1.9342,5.566785490494966,5.546123750847578,-0.020661739647388266
12690711,11.4286,9.772557172894478,10.233152927875519,0.4605957549810409
12691122,14.9851,10.215368500375748,9.3090858884871,-0.9062826118886473
12691710,7.9927,5.9696799057722085,6.027690250498056,0.05801034472584732
12691734,3.7474,1.7648232050701975,1.8517867261216043,0.08696352105140681
12735106,0.4823,1.8318833858191965,2.341418999648094,0.5095356138288976
12735291,6.7491,7.137228046524524,6.60516953203082,-0.5320585144937038
12735851,10.7991,8.931790756565333,9.448653949099779,0.516863192534446
12736410,6.578100000000001,6.251353433620929,5.768878934597969,-0.4824744990229606
12737278,5.6257,6.9936221222102635,6.261447201514244,-0.7321749206960195
12783669,4.9933,4.350643933063745,4.031848799979686,-0.31879513308405905
12783857,8.5084,9.329128429609536,10.084748512113094,0.7556200825035582
12784683,6.3168,5.168381155884266,6.367107309120893,1.1987261532366276
12784948,6.8163,1.324580333274603,1.5976938277721404,0.2731134944975375
12784998,3.7297,4.2281977218747135,3.810473739621043,-0.41772398225367047
12785083,3.3478000000000003,2.23827654017061,2.5921825174450874,0.3539059772744775
12785250,7.3798,8.628935528695584,8.912507060468197,0.28357153177261374
12785401,4.4587,4.878135115635395,5.75951727091074,0.8813821552753449
12833300,8.1186,8.023365907937288,7.633999970221519,-0.3893659377157688
12884116,7.6715,8.196784874475002,9.09881391338706,0.9020290389120582
12884661,1.7467,7.949227878022193,8.03306985411048,0.08384197608828625
12884930,3.2902,4.267262196186184,4.568774440690875,0.30151224450469094
